
aaaaaa = aaaaaa
aaaaaa = aaaaaa
aalst = staal
abaca = caaba
abacas = casaba
abaka = kaaba
abash = ashab
abash = shaba
abbest = bestab
abbr = brab
abcs = csab
ablest = stable
abra = raab
absa = saab
aced = edac
aces = esac
achar = arach
achete = teache
achor = orach
acis = isac
acnes = nesac
actin = inact
acus = usac
acwa = waac
adar = arad
adaw = awad
addi = diad
addr = drad
addu = duad
addy = dyad
adest = stade
adib = ibad
adits = tsadi
admen = menad
adore = oread
ador = orad
adsp = spad
afra = raaf
afshar = sharaf
agas = asag
agelast = lastage
agete = teage
agha = haag
agma = maag
agst = stag
agung = ungag
ahey = eyah
ahmar = marah
aidan = danai
aides = desai
aiken = kenai
aitch = chait
aitch = tchai
aith = thai
aits = tsai
akbar = barak
akha = haak
akre = reak
aksum = sumak
alan = anal
alane = neala
alang = ngala
alant = antal
alantic = antical
alba = baal
alban = banal
albas = basal
albay = bayal
albe = beal
albin = binal
alchemic = chemical
alcock = cockal
alco = coal
alcon = conal
alcor = coral
alday = dayal
alded = dedal
aldern = ernald
aldon = donal
alene = neale
alethic = ethical
alfe = feal
alfet = fetal
alfin = final
alfur = fural
alga = gaal
algor = goral
algraphic = graphical
algy = gyal
aliased = sedalia
alibi = biali
alinit = inital
alit = ital
aljama = jamaal
alle = leal
alliber = liberal
allocation = locational
allover = overall
alloy = loyal
almah = mahal
alman = manal
alme = meal
almes = mesal
almoner = moneral
almon = monal
almund = mundal
alod = odal
alone = oneal
alon = onal
alop = opal
alpen = penal
alpine = pineal
alroy = royal
alsen = senal
alsop = opals
altars = tarsal
alta = taal
altern = ternal
althing = thingal
alton = tonal
altruistic = truistical
altun = tunal
alure = ureal
alur = ural
alva = vaal
alvine = vineal
alvin = vinal
alwitt = wittal
alyse = sealy
aman = anam
amann = annam
amante = teaman
amara = raama
amar = aram
amass = assam
ambala = balaam
ambar = baram
ambash = basham
ambash = shamba
ambay = bayam
ambe = beam
amby = byam
amel = elam
amen = enam
amess = essam
amex = exam
amical = calami
amil = ilam
amino = noami
amis = isam
amli = liam
amling = lingam
amma = maam
amoco = coamo
amor = oram
amplest = stample
amsw = swam
amylo = loamy
anal = alan
anama = maana
anam = aman
anapest = pestana
anarthropod = arthropodan
anaxo = xoana
anco = coan
ancon = conan
ancor = coran
ancre = crean
andante = dantean
anded = dedan
ande = dean
andel = eland
andi = dian
andor = doran
andrel = reland
andy = dyan
anelectric = electrican
anele = elean
anet = etan
aneth = ethan
aneth = thane
anew = ewan
angang = gangan
angas = gasan
ange = gean
angelo = loange
angi = gian
angle = glean
anglos = losang
ango = goan
angor = goran
angor = orang
angst = stang
anil = ilan
anim = iman
anisic = sicani
anisopod = isopodan
ankus = kusan
annale = leanna
annam = amann
annam = naman
annis = nisan
annmarie = marieann
annot = notan
anole = olean
anon = onan
ansar = saran
ansa = saan
ansel = elans
anse = sean
anshan = shanan
ansi = sian
antal = alant
antar = taran
ante = tean
antical = alantic
ants = tsan
antung = tungan
antu = tuan
anus = usan
anyah = yahan
aoli = liao
aphidas = asaphid
aping = ngapi
apocr = crapo
appl = plap
apps = psap
apse = seap
apter = terap
apts = tsap
arace = ceara
arach = achar
arach = chara
arad = adar
arakan = kanara
aram = amar
aras = asar
arati = tiara
arba = baar
arbe = bear
arber = berar
arbon = bonar
arcas = casar
arce = cear
arced = cedar
arch = char
archin = chinar
archin = inarch
arcs = csar
ardeb = debar
arde = dear
ardell = ellard
arden = denar
ardin = dinar
areas = asare
areche = cheare
arest = stare
argo = goar
arish = shari
aris = isar
ariz = izar
arkab = kabar
arks = ksar
arle = lear
arline = linear
arlo = loar
arlyne = nearly
arma = maar
armand = mandar
armen = enarm
armill = millar
armin = inarm
armin = minar
armor = morar
arne = near
arnst = starn
aroph = pharo
arpa = paar
arret = retar
arsa = saar
arse = sear
arshin = shinar
arsle = lears
arson = sonar
arst = star
artal = talar
arta = taar
artel = telar
arte = tear
arthropodan = anarthropod
artlet = letart
artly = lyart
arts = tsar
arvel = velar
arvol = volar
arvo = voar
asag = agas
asaphid = aphidas
asar = aras
asare = areas
ascent = centas
asch = chas
asel = elas
aser = eras
asgard = gardas
ashab = abash
asha = haas
aside = ideas
asir = iras
askr = kras
aslam = lamas
asme = meas
asni = nias
asoc = ocas
asok = okas
asor = oras
aspac = pacas
aspa = paas
aspern = pernas
aspers = persas
aspic = picas
asport = portas
aspy = pyas
asrm = rmas
assam = amass
assamar = samaras
assam = samas
asse = seas
assignor = signoras
assi = sias
assur = suras
aster = teras
astor = toras
astre = reast
astri = trias
astron = tronas
astto = toast
asuri = urias
atabal = balata
atco = coat
athel = elath
atik = ikat
atle = leat
atma = maat
atman = manat
atmo = moat
attach = chatta
atte = teat
aube = beau
audi = diau
aulu = luau
aune = neau
auride = rideau
autere = reaute
averse = seaver
awad = adaw
awst = staw
ayden = denay
ayres = resay
baal = alba
baar = arba
babar = barba
babka = kabab
babs = bsba
babu = buba
backblow = blowback
backfall = fallback
backfire = fireback
backflash = flashback
backhatch = hatchback
backhaul = haulback
backout = outback
backrun = runback
backsaw = sawback
backset = setback
backstop = stopback
backswept = sweptback
backswing = swingback
backswing = wingbacks
backtrace = traceback
backwall = wallback
backway = wayback
baconer = erbacon
bael = elba
baez = ezba
bagle = gleba
bagre = rebag
bagwork = workbag
bais = isba
bajer = jerba
bakeout = outbake
baku = kuba
balaam = ambala
balata = atabal
bali = liba
ballfield = fieldball
ballgame = gameball
ballo = lobal
balsam = sambal
balsa = sabal
balu = luba
bams = msba
banal = alban
banca = caban
banco = coban
bandpass = passband
bandstop = stopband
bandur = durban
barak = akbar
baram = ambar
barba = babar
barbe = bebar
barde = debar
bare = reba
baretta = tabaret
bari = riba
barre = rebar
bartel = elbart
bartow = towbar
basal = albas
basal = salba
base = seba
basham = ambash
basham = shamba
basis = isbas
basketwork = workbasket
bassara = rabassa
batse = sebat
bayal = albay
bayam = ambay
baya = yaba
bayer = yerba
beal = albe
beam = ambe
bear = arbe
beau = aube
bebar = barbe
becoom = coombe
becram = crambe
bede = debe
bedflower = flowerbed
bedim = imbed
bedlam = lambed
bedsick = sickbed
beer = erbe
bega = gabe
begar = garbe
begob = gobbe
behedge = hedgebe
bein = inbe
beja = jabe
bela = labe
belga = gabel
belis = isbel
bella = label
belli = libel
bello = lobel
bellypinch = pinchbelly
bema = mabe
bena = nabe
benchwork = workbench
benco = coben
bene = nebe
beno = nobe
berar = arber
berberi = beriber
bere = rebe
berger = gerber
berglund = lundberg
bergoo = goober
bergstein = steinberg
bergstrom = stromberg
bergy = gyber
beriber = berberi
beri = ribe
bersil = silber
berta = taber
berthe = hebert
berther = herbert
berti = tiber
bertram = rambert
berwind = windber
besa = sabe
bestab = abbest
bestar = tarbes
bethels = elsbeth
bethe = thebe
betis = tisbe
betta = tabet
bette = tebet
betti = tibet
biali = alibi
biali = libia
bide = debi
biga = gabi
bigam = gambi
billboard = boardbill
bilo = lobi
bima = mabi
binal = albin
bindwood = woodbind
binetta = tabinet
birdling = lingbird
birdman = manbird
birdseed = seedbird
birdsong = songbird
birdstone = stonebird
biro = robi
bito = tobi
bitto = tobit
biwa = wabi
blackeye = eyeblack
blether = herblet
bletilla = tillable
blockwood = woodblock
bloodshot = hotbloods
blowback = backblow
blowfly = flyblow
blowout = outblow
blowup = upblow
boardbill = billboard
boathouse = houseboat
bockstein = steinbock
boden = denbo
boga = gabo
bogo = gobo
bogum = gumbo
boho = hobo
boilover = overboil
bojo = jobo
boko = kobo
bole = lebo
bolo = lobo
bonar = arbon
bonefish = fishbone
bone = nebo
bones = esbon
bonetail = tailbone
bonneterre = terrebonne
bookcase = casebook
bookland = landbook
bookshop = shopbook
bookwork = workbook
bootjack = jackboot
borgh = ghbor
botkin = kinbot
bowel = elbow
boxhead = headbox
boxwood = woodbox
boxwork = workbox
boyship = shipboy
bozo = zobo
brab = abbr
brade = debra
brainwater = waterbrain
brakehand = handbrake
braza = zabra
breakoff = offbreak
breakout = outbreak
breakover = overbreak
breakstone = stonebreak
breakup = upbreak
breakweather = weatherbreak
breakwind = windbreak
brecham = chambre
breese = sebree
bretta = tabret
brickred = redbrick
bridgeton = tonbridge
broodsac = sacbrood
brooklyn = lynbrook
bsba = babs
bscom = combs
bsna = nabs
bsot = otbs
bssa = sabs
bsse = sebs
buba = babu
buckbush = bushbuck
bucksaw = sawbuck
bughouse = housebug
buildup = upbuild
builtin = inbuilt
buna = nabu
bunga = gabun
burge = gebur
burkha = khabur
burnewin = winburne
burnfire = fireburn
burnout = outburn
burnover = overburn
burnside = sideburn
burnup = upburn
burnwood = woodburn
burrel = elburr
burro = robur
bushbuck = buckbush
bushgoat = goatbush
bushwood = woodbush
bute = tebu
butta = tabut
buyout = outbuy
byam = amby
bygo = goby
bypasser = passerby
caaba = abaca
caban = banca
cablese = secable
cace = ceca
caci = cica
cain = inca
calami = amical
calen = lenca
calfkill = killcalf
calite = tecali
callo = local
calmer = mercal
calor = lorca
calvo = vocal
camara = maraca
camila = milaca
cami = mica
camus = musca
cana = naca
canari = narica
cannas = nascan
canos = oscan
caon = onca
capa = paca
caper = perca
capon = ponca
capo = poca
capos = posca
capris = prisca
caracas = cascara
caresa = resaca
cares = escar
cari = rica
caro = roca
carryout = outcarry
carryover = overcarry
carses = escars
carthorse = horsecart
casaba = abacas
casabe = sabeca
casar = arcas
cascara = caracas
casco = cocas
casebook = bookcase
casein = incase
castoff = offcast
catchup = upcatch
cate = teca
cathe = theca
cati = tica
catstone = stonecat
cauma = macau
caus = usca
cavin = vinca
ccip = ipcc
cdre = recd
ceara = arace
cear = arce
ceca = cace
cedar = arced
cedar = darce
cedi = dice
cela = lace
centas = ascent
centre = recent
cepa = pace
cera = race
ceresin = sincere
cesta = stace
ceta = tace
ceti = tice
cevi = vice
chacon = concha
chagal = galcha
chait = aitch
chaka = kacha
chalcon = conchal
chama = macha
chambre = brecham
chandu = duchan
chapa = pacha
chara = arach
char = arch
chare = recha
chares = eschar
charis = ischar
charre = rechar
chas = asch
chatta = attach
chatwood = woodchat
cheare = areche
checkhook = hookcheck
cheesy = sychee
chela = lache
chema = mache
chemar = marche
chemical = alchemic
chena = nache
chende = dechen
chera = rache
chere = erech
cheri = erich
cherin = incher
cheri = riche
cherlyn = lyncher
cherri = richer
ches = esch
chesna = naches
chet = etch
chewalla = wallache
chewie = wieche
chiari = richia
chiasma = machias
chickpea = peachick
chikara = karachi
chili = lichi
chilo = lochi
chinar = archin
chinela = lachine
chin = inch
chiran = ranchi
chis = isch
chita = tachi
chit = itch
chlo = loch
choel = elcho
chora = orach
choree = reecho
choriso = isochor
chor = orch
chou = ouch
chugs = gschu
chut = utch
ciapas = pascia
cica = caci
cilo = loci
ciri = rici
cista = staci
cists = stsci
citra = traci
clin = incl
closeup = upclose
cnsr = srcn
coal = alco
coamo = amoco
coan = anco
coat = atco
coattail = tailcoat
coban = banco
coben = benco
cocas = casco
cockal = alcock
cockpaddle = paddlecock
cocksy = sycock
cockup = upcock
code = deco
codel = delco
codling = lingcod
colis = lisco
colo = loco
colonic = niccolo
coloni = nicolo
coltun = uncolt
coma = maco
comate = tecoma
combre = recomb
combs = bscom
comedown = downcome
come = meco
comic = micco
como = moco
conal = alcon
conan = ancon
concha = chacon
conchal = chalcon
congas = gascon
coni = nico
conor = norco
constantin = inconstant
consy = sycon
conte = tecon
conti = ticon
cookout = outcook
coombe = becoom
coos = osco
copal = palco
copa = paco
copis = pisco
coral = alcor
coran = ancor
coreen = encore
corin = incor
cori = rico
corse = secor
cortes = escort
cosec = secco
cose = seco
cosse = secos
costa = tacos
cotes = escot
cote = teco
coto = toco
couched = edcouch
coverslip = slipcover
coverup = upcover
cowes = wesco
cowy = wyco
crambe = becram
crapo = apocr
crateful = fulcrate
crean = ancre
creede = decree
crena = nacre
cresa = sacre
crin = incr
crispen = encrisp
crispi = picris
crone = necro
crosa = sacro
crossover = overcross
crossway = waycross
csab = abcs
csar = arcs
csdc = dccs
csma = macs
csri = rics
csrs = rscs
culti = ticul
curin = incur
cutdown = downcut
cute = tecu
cutgrass = grasscut
cutin = incut
cutline = linecut
cutoff = offcut
cutout = outcut
cutover = overcut
cutup = upcut
cyder = dercy
cydon = doncy
cyma = macy
cymar = marcy
cyra = racy
dade = deda
dael = elda
daer = erda
dagan = ganda
dago = goda
dahle = ledah
dalan = landa
dale = leda
dali = lida
dalpe = pedal
daly = lyda
damal = malda
dama = mada
daman = manda
dame = meda
damon = monda
danai = aidan
dana = nada
danas = nasda
danava = navada
danell = nellda
dane = neda
dani = nida
dantean = andante
danu = nuda
dara = rada
darce = cedar
dari = rida
darken = endark
darla = ladar
daron = ronda
darra = radar
dartre = redart
dasara = sarada
dase = seda
dasha = hadas
dasi = sida
data = tada
dated = tedda
date = teda
datil = tilda
dato = toda
davena = venada
daven = venda
daver = verda
dave = veda
davilla = villada
dawen = wenda
dayal = alday
daywork = workday
dccs = csdc
dean = ande
deanna = nadean
dear = arde
deaver = verdea
debar = ardeb
debar = barde
debe = bede
debi = bide
debra = brade
dechen = chende
deco = code
decree = creede
deda = dade
dedal = alded
dedan = anded
deden = ended
dedo = dode
deer = erde
deerkill = killdeer
defer = ferde
defi = fide
degu = gude
deja = jade
dela = lade
delayre = redelay
delco = codel
dele = lede
delhi = hidel
deli = lide
dellora = oradell
delma = madel
delver = verdel
delwin = windel
dema = made
deme = mede
demi = mide
demo = mode
demon = monde
denar = arden
denay = ayden
denbo = boden
denham = hamden
deni = nide
denten = endent
dentil = tilden
dentin = indent
denver = verden
dercy = cyder
dere = rede
dermad = madder
dermol = molder
derna = nader
derned = nedder
deron = onder
deron = ronde
dero = rode
derrid = ridder
derri = rider
derry = ryder
dertra = trader
derwin = winder
derwon = wonder
desai = aides
desha = hades
desha = shade
desiri = irides
desi = side
desmid = middes
desmona = monades
desmon = mondes
dessa = sades
desta = stade
desta = tades
detar = tarde
deti = tide
deuno = unode
deva = vade
dever = verde
devi = vide
dewar = warde
dewi = wide
dewy = wyde
diad = addi
diana = nadia
dian = andi
diau = audi
dice = cedi
diced = eddic
dido = dodi
died = eddi
dielu = ludie
dies = esdi
dieted = teddie
diety = tydie
dika = kadi
dilo = lodi
dimin = mindi
dinan = nandi
dinar = ardin
dine = nedi
dinghee = heeding
dingo = godin
dinin = indin
dino = nodi
disa = sadi
dished = eddish
dishwash = washdish
dite = tedi
diver = verdi
dive = vedi
dmsp = spdm
dode = dedo
dodi = dido
doerun = undoer
dogtie = tiedog
dogwatch = watchdog
dojo = jodo
dolan = lando
doli = lido
dolin = indol
dolin = lindo
dolora = lorado
donal = aldon
doncy = cydon
donor = nordo
doon = ondo
door = ordo
doover = overdo
doralyn = lyndora
doran = andor
doreen = endore
dorena = renado
dore = redo
dorisa = isador
dorsel = seldor
dosa = sado
doup = updo
downcome = comedown
downcut = cutdown
downface = facedown
downplay = playdown
downset = setdown
downtake = takedown
downthrow = throwdown
downturn = turndown
downwash = washdown
dozen = zendo
drad = addr
drawout = outdraw
dressel = eldress
drillman = mandrill
drivescrew = screwdrive
dropout = outdrop
dsri = rids
dstn = tnds
duad = addu
dubre = redub
duchan = chandu
dudes = esdud
duka = kadu
dump = mpdu
duper = perdu
dura = radu
durban = bandur
dyad = addy
dyan = andy
dyed = eddy
dylan = landy
dyna = nady
dyun = undy
earsh = shear
eath = thea
ecole = leeco
edac = aced
edcouch = couched
eddic = diced
eddi = died
eddish = dished
eddy = dyed
eden = ened
edge = geed
edgell = gelled
edgrow = growed
edlin = lined
edman = maned
edme = meed
edrick = ricked
edric = riced
edrock = rocked
edwall = walled
edward = warded
edwin = wined
egeria = iaeger
egol = oleg
egor = oreg
egrep = repeg
ehman = maneh
elam = amel
eland = andel
elane = neela
elans = ansel
elas = asel
elasticin = inelastic
elath = athel
elba = bael
elbart = bartel
elbow = bowel
elburr = burrel
elcho = choel
elda = dael
eldress = dressel
elean = anele
electre = reelect
electrican = anelectric
elene = neele
elga = gael
elint = intel
elke = keel
elko = koel
ella = lael
ellard = ardell
elling = lingel
elma = mael
elmer = merel
elmy = myel
elna = nael
elne = neel
elod = odel
elsbeth = bethels
else = seel
elver = verel
elyse = seely
elytrin = trinely
emerse = seemer
emet = etem
emit = item
enam = amen
enamel = melena
enamor = morena
enarm = armen
enate = teena
encore = coreen
encrisp = crispen
endark = darken
ended = deden
endent = denten
endore = doreen
endres = resend
ened = eden
enet = eten
enew = ewen
enfield = fielden
enflesh = fleshen
enfold = folden
engarde = gardeen
engild = gilden
englad = gladen
engle = gleen
engl = glen
englut = gluten
engold = golden
engross = grossen
enheart = hearten
enhort = horten
enid = iden
enisle = isleen
enleaf = leafen
enlength = lengthen
enlight = lighten
enlist = listen
ennis = nisen
enode = odeen
enol = olen
enow = owen
enrich = richen
enright = righten
enrough = roughen
ensate = sateen
enseam = seamen
ense = seen
ensheath = heathens
ensmall = smallen
ensor = soren
ensteel = steelen
ensteep = steepen
enstore = storeen
entrec = recent
entrefer = referent
entrep = repent
entrust = trusten
enwood = wooden
enwreath = wreathen
eras = aser
erasement = sementera
erath = thera
erbacon = baconer
erbe = beer
erda = daer
erde = deer
erech = chere
ergal = galer
ergo = goer
ergon = goner
ergot = goter
erhard = harder
erich = cheri
erick = icker
erinn = inner
erland = lander
erlang = langer
erle = leer
erlin = liner
erme = meer
ermin = miner
ermit = miter
ernald = aldern
erne = neer
ernest = nester
ernest = sterne
ernst = stern
errand = rander
errant = ranter
errick = ricker
erring = ringer
erroll = roller
erse = seer
ersh = sher
erst = ster
ervil = viler
ervin = viner
erwin = winer
esac = aces
esbon = bones
escar = cares
escars = carses
eschar = chares
esch = ches
escort = cortes
escot = cotes
esdi = dies
esdud = dudes
esere = reese
esher = heres
eshin = hines
esker = keres
esma = maes
esmd = mdes
esmond = mondes
esmont = montes
esop = opes
esopus = opuses
esox = oxes
espinal = pinales
espy = pyes
esro = roes
essam = amess
esse = sees
essex = sexes
estab = tabes
estaing = ingesta
estall = talles
estel = teles
esten = tenes
ester = teres
este = tees
estill = illest
estoil = toiles
estop = topes
estren = renest
estre = reest
estrich = richest
estrif = rifest
estrin = trines
estron = trones
etan = anet
etapes = peseta
etch = chet
etem = emet
eten = enet
ethan = aneth
ethical = alethic
etla = laet
etrem = remet
etrog = roget
evelong = longeve
eveque = queeve
everwhich = whichever
everwho = whoever
ewan = anew
ewen = enew
exam = amex
exul = ulex
eyah = ahey
eyeblack = blackeye
eyeglass = glasseye
eysk = skey
ezba = baez
facedown = downface
fairplay = playfair
fallback = backfall
fallfish = fishfall
fallon = onfall
fallout = outfall
fannon = nonfan
fantail = tailfan
fara = rafa
fareham = hamfare
faso = sofa
fasthold = holdfast
fastland = landfast
faultfind = findfault
faur = urfa
feal = alfe
fera = rafe
ferde = defer
ferlie = liefer
ferree = reefer
ferri = rifer
feru = rufe
festin = infest
fetal = alfet
fide = defi
fieldball = ballfield
fielden = enfield
filmslide = slidefilm
filmstrip = stripfilm
final = alfin
findfault = faultfind
fingerfish = fishfinger
fireback = backfire
fireburn = burnfire
firmin = infirm
fishbone = bonefish
fishfall = fallfish
fishfinger = fingerfish
fishman = manfish
fishpond = pondfish
fishspear = spearfish
fishwood = woodfish
fishworm = wormfish
fitout = outfit
fixin = infix
flameout = outflame
flashback = backflash
fleshen = enflesh
flin = infl
floodwater = waterflood
flowerbed = bedflower
flowerfly = flyflower
flus = usfl
flyblow = blowfly
flyflower = flowerfly
flyover = overfly
foin = info
folden = enfold
foldout = outfold
folkland = landfolk
followup = upfollow
foothot = hotfoot
footlight = lightfoot
footpad = padfoot
footsore = sorefoot
fordham = hamford
formalin = informal
formin = inform
forms = msfor
fortepiano = pianoforte
forthright = rightforth
forwhy = whyfor
founder = underfo
freewater = waterfree
frypan = panfry
fulcrate = crateful
fural = alfur
gaal = alga
gabe = bega
gabel = belga
gabi = biga
gabo = boga
gabun = bunga
gael = elga
gagor = gorga
gain = inga
galata = tagala
galcha = chagal
galere = regale
galer = ergal
galina = linaga
galle = legal
gallnut = nutgall
gallstone = stonegall
galva = vagal
gama = maga
gambi = bigam
gameball = ballgame
ganda = dagan
gangan = angang
gangplow = plowgang
gangwa = wagang
gangway = waygang
gansa = sagan
ganton = tongan
gaol = olga
gapa = paga
gape = pega
gara = raga
garbe = begar
gardas = asgard
gardeen = engarde
garin = ingar
gari = riga
garon = ronga
garse = segar
gasan = angas
gasan = sanga
gascon = congas
gaston = tongas
gater = terga
gateshead = headgates
gate = tega
gateway = waygate
gati = tiga
gatun = tunga
gaur = urga
gaus = usga
gave = vega
gayer = yerga
gean = ange
gebur = burge
geed = edge
geehan = hangee
gein = inge
gelled = edgell
gelman = mangel
gemara = marage
gena = nage
genesa = sagene
genre = regen
gera = rage
gerber = berger
gerhan = hanger
germana = manager
german = manger
germon = monger
gerona = onager
gerrie = rieger
gerson = songer
gerta = tager
gerti = tiger
gerton = tonger
gestor = storge
gest = stge
getup = upget
ghbor = borgh
gian = angi
gilden = engild
gilo = logi
gilver = vergil
girtin = ingirt
giverin = ingiver
giver = vergi
gladen = englad
glasseye = eyeglass
glean = angle
gleba = bagle
gleen = engle
glen = engl
gluten = englut
glutin = inglut
goan = ango
goar = argo
goatbush = bushgoat
gobbe = begob
gobo = bogo
goby = bygo
goda = dago
godin = dingo
goer = ergo
golden = engold
goldin = ingold
goldman = mangold
golo = logo
gomar = margo
goner = ergon
goober = bergoo
goral = algor
goran = angor
gora = rago
gore = rego
gorga = gagor
gorin = ringo
gosala = salago
goslar = largos
gosse = segos
goter = ergot
goto = togo
goup = upgo
goyana = nagoya
grain = ingra
grania = niagra
graphical = algraphic
grasscut = cutgrass
grasshopper = hoppergrass
grassman = mangrass
grassnut = nutgrass
grateman = mangrate
grimme = megrim
grossen = engross
groundout = outground
groveman = mangrove
growed = edgrow
grownup = upgrown
grumman = mangrum
gschu = chugs
gude = degu
guesthouse = houseguest
guiba = ibagu
gumbo = bogum
gunshot = shotgun
guser = sergu
gusta = tagus
guyton = tonguy
gyal = algy
gyber = bergy
gyor = orgy
haag = agha
haak = akha
haas = asha
hackwood = woodhack
hadas = dasha
hades = desha
hadji = jihad
hail = ilha
halaka = kahala
halma = mahal
hama = maha
hamate = tehama
hamden = denham
hamfare = fareham
hamford = fordham
hamil = milha
hamo = moha
hamper = perham
hams = msha
hamus = musha
hana = naha
handbrake = brakehand
handoff = offhand
handstone = stonehand
handwork = workhand
hangee = geehan
hanger = gerhan
hangover = overhang
hangup = uphang
hanya = yahan
haps = psha
harder = erhard
hardpans = panshard
hashes = shesha
hatchback = backhatch
hathi = hihat
haulback = backhaul
hawkers = kershaw
haymow = mowhay
haym = ymha
headbox = boxhead
headgates = gateshead
headlight = lighthead
headlong = longhead
headman = manhead
headnote = notehead
headpin = pinhead
headrail = railhead
headring = ringhead
headset = sethead
headskin = skinhead
headspring = springhead
headsquare = squarehead
headstone = stonehead
headstream = streamhead
headstrong = stronghead
headwater = waterhead
hearten = enheart
heathens = ensheath
hebert = berthe
hedgebe = behedge
heeding = dinghee
heho = hohe
helpmeet = meethelp
hemic = miche
hems = mshe
hepar = parhe
herat = rathe
herbert = berther
herblet = blether
herein = inhere
heres = esher
herma = maher
hermas = masher
hermit = mither
heros = osher
herpet = pether
herut = ruthe
herut = uther
herwig = wigher
hesperis = perishes
hewart = warthe
hickwall = wallhick
hidel = delhi
hihat = hathi
hile = lehi
hillrose = rosehill
hillside = sidehill
hima = mahi
hines = eshin
hispa = spahi
hits = tshi
hobo = boho
hohe = heho
holdership = shipholder
holdfast = fasthold
holdout = outhold
holdover = overhold
holdup = uphold
holeman = manhole
holmic = michol
hometown = townhome
homo = moho
hoodlike = likehood
hoodman = manhood
hookcheck = checkhook
hookweed = weedhook
hoot = otho
hope = peho
hoppergrass = grasshopper
horsecart = carthorse
horsewood = woodhorse
horten = enhort
hotbloods = bloodshot
hote = teho
hotfoot = foothot
houseboat = boathouse
housebug = bughouse
houseguest = guesthouse
housemother = motherhouse
housewarm = warmhouse
housework = workhouse
huic = ichu
huma = mahu
huntsman = manhunts
hura = rahu
iaeger = egeria
iain = inia
ibad = adib
ibagu = guiba
ichu = huic
icker = erick
icod = odic
ideas = aside
iden = enid
idle = leid
idol = olid
igor = orig
ikat = atik
ilam = amil
ilan = anil
ilene = neile
ilha = hail
ilka = kail
ilke = keil
illa = lail
illest = estill
illth = thill
ilone = oneil
ilsa = sail
iman = anim
imbed = bedim
impart = partim
imre = reim
imsa = saim
imsl = slim
inact = actin
inaja = jaina
inarch = archin
inarm = armin
inbe = bein
inbuilt = builtin
inca = cain
incase = casein
inch = chin
incher = cherin
incl = clin
inconstant = constantin
incor = corin
incr = crin
incur = curin
incut = cutin
indent = dentin
indin = dinin
indol = dolin
inelastic = elasticin
infest = festin
infirm = firmin
infix = fixin
infl = flin
info = foin
infold = ldinfo
informal = formalin
inform = formin
inga = gain
ingar = garin
inge = gein
ingesta = estaing
ingest = stinge
ingirt = girtin
ingiver = giverin
inglu = luing
inglut = glutin
inglut = luting
ingold = goldin
ingraft = rafting
ingra = grain
ingrain = raining
ingres = resing
ingrid = riding
ingrim = riming
ingross = rossing
ingroup = rouping
ingrow = rowing
ingvar = varing
inhere = herein
inia = iain
inital = alinit
init = itin
injust = justin
inker = kerin
inkos = kosin
inna = nain
inne = nein
inner = erinn
inroll = rollin
inro = roin
inrub = rubin
insculp = sculpin
insider = siderin
insole = oleins
insole = solein
insorb = sorbin
insp = spin
inta = tain
intel = elint
intosh = shinto
intra = train
intr = trin
invent = ventin
inwith = within
iona = naio
ipcc = ccip
iras = asir
irides = desiri
irish = shiri
irja = jair
irma = mair
irme = meir
irmo = moir
isac = acis
isador = dorisa
isam = amis
isar = aris
isba = bais
isbas = basis
isbel = belis
ischar = charis
isch = chis
ishtar = tarish
isla = lais
island = landis
isleen = enisle
isle = leis
islot = lotis
islu = luis
isman = manis
ismet = metis
isnt = ntis
isochor = choriso
isopodan = anisopod
isop = opis
isth = this
istvan = vanist
isup = upis
isus = usis
ital = alit
itch = chit
item = emit
itin = init
itmo = moit
izar = ariz
jabe = beja
jackboot = bootjack
jackman = manjack
jade = deja
jaina = inaja
jair = irja
jamaal = aljama
jama = maja
jana = naja
jara = raja
jason = sonja
java = vaja
jayvee = veejay
jerba = bajer
jihad = hadji
jina = naji
jinan = nanji
jobo = bojo
jodo = dojo
jomo = mojo
jomon = monjo
jota = tajo
joypop = popjoy
justin = injust
jute = teju
kaaba = abaka
kabab = babka
kabar = arkab
kacha = chaka
kadi = dika
kadu = duka
kahala = halaka
kail = ilka
kakas = kaska
kalang = langka
kalan = lanka
kalema = makale
kalo = loka
kamal = malka
kamat = matka
kami = mika
kanara = arakan
kanara = naraka
kanat = natka
kanya = yakan
karachi = chikara
karie = rieka
karin = rinka
kari = rika
karo = roka
kasa = saka
kase = seka
kasha = shaka
kaska = kakas
kaspar = parkas
katana = tanaka
kata = taka
katun = tunka
kayak = yakka
kaya = yaka
keel = elke
keepership = shipkeeper
keil = ilke
kela = lake
kele = leke
keli = like
kelwin = winkel
kemi = mike
kenai = aiken
kenly = lyken
kenta = taken
keota = takeo
kepi = pike
keres = esker
kerin = inker
kerki = kiker
kero = roke
kerrin = rinker
kerri = riker
kershaw = hawkers
kerstin = tinkers
kerwin = winker
kery = ryke
keta = take
keto = toke
kettrin = trinket
ketu = tuke
khabur = burkha
khasa = sakha
kickout = outkick
kiker = kerki
kiku = kuki
killcalf = calfkill
killdeer = deerkill
kilo = loki
kilung = lungki
kimonos = monoski
kinbot = botkin
kingpin = pinking
kingstree = streeking
kinic = nicki
kinta = takin
kira = raki
kiri = riki
kishar = sharki
kittool = toolkit
kobo = boko
koel = elko
kolas = lasko
komi = miko
kona = nako
kongo = ngoko
kosha = shako
kosin = inkos
koso = soko
kosse = sekos
koto = toko
kras = askr
ksar = arks
kuba = baku
kuki = kiku
kura = raku
kusan = ankus
kusha = shaku
kyla = laky
kylin = linky
labe = bela
label = bella
lace = cela
lache = chela
lachine = chinela
ladar = darla
lade = dela
ladylove = lovelady
lael = ella
laet = etla
lail = illa
lais = isla
lake = kela
lakewood = woodlake
laky = kyla
lali = lila
lalo = lola
lalu = lula
lama = mala
lamar = marla
lamas = aslam
lambed = bedlam
lamel = mella
lame = mela
lamer = merla
lamero = merola
lamesa = salame
landa = dalan
landbook = bookland
lander = erland
landfast = fastland
landfolk = folkland
landis = island
landlock = lockland
landlubber = lubberland
landmark = markland
lando = dolan
landor = orland
landrace = raceland
landreeve = reeveland
landre = reland
landry = ryland
landwash = washland
landway = wayland
landyard = yardland
landy = dylan
lane = nela
langer = erlang
langka = kalang
langside = sidelang
lani = nila
lanka = kalan
lantsang = sanglant
lapel = pella
lapon = onlap
largos = goslar
larisa = risala
larsa = salar
larto = tolar
larval = vallar
larve = velar
lasa = sala
lase = sela
lashar = sharla
lasko = kolas
lasky = skyla
lassa = salas
lastage = agelast
lastre = relast
lata = tala
laten = tenla
late = tela
lati = tila
lava = vala
lavella = vellala
laver = verla
lave = vela
lavi = vila
lawes = wesla
layout = outlay
layover = overlay
layrock = rocklay
layup = uplay
lazar = zarla
ldinfo = infold
leadout = outlead
leafen = enleaf
leafwood = woodleaf
leal = alle
leanna = annale
leanor = orlean
lear = arle
lears = arsle
leat = atle
lebo = bole
leda = dale
ledah = dahle
lede = dele
leeco = ecole
leer = erle
legal = galle
lehi = hile
leid = idle
leis = isle
leke = kele
lely = lyle
lema = male
leme = mele
leming = mingle
lemmus = muslem
lena = nale
lenca = calen
lenee = neele
lengthen = enlength
leno = nole
leoma = maleo
leora = orale
leor = orle
lepa = pale
leper = perle
leros = osler
lerwa = waler
lese = sele
lesli = liles
lesly = lyles
lesser = serles
lessing = singles
lesson = onless
leste = stele
leste = teles
letart = artlet
letart = tartle
leta = tale
lete = tele
letoff = offlet
leto = tole
lettern = ternlet
letup = tuple
leva = vale
levi = vile
levo = vole
lewan = wanle
lewes = wesle
lewing = wingle
lewiss = wissle
liam = amli
liane = nelia
lianes = neslia
liao = aoli
liba = bali
libel = belli
liberal = alliber
libia = biali
lichi = chili
lida = dali
lide = deli
lido = doli
liefer = ferlie
lierre = relier
liestal = tallies
liever = verlie
lighten = enlight
lightfoot = footlight
lighthead = headlight
likehood = hoodlike
like = keli
likewise = wiselike
lila = lali
liles = lesli
lilo = loli
lima = mali
lime = meli
limo = moli
linaga = galina
lindo = dolin
linear = arline
linecut = cutline
lined = edlin
liner = erlin
lineup = upline
lingam = amling
lingbird = birdling
lingcod = codling
lingel = elling
lingster = sterling
linkup = uplink
linky = kylin
lino = noli
lintel = tellin
lipa = pali
lisa = sali
lisco = colis
lisper = perlis
lissy = sylis
listen = enlist
listy = styli
lita = tali
literose = roselite
lite = teli
litho = tholi
litre = relit
liva = vali
livi = vili
loadum = umload
loamy = amylo
loange = angelo
loar = arlo
lobal = ballo
lobel = bello
lobi = bilo
lobo = bolo
local = callo
locational = allocation
loch = chlo
lochi = chilo
loci = cilo
lockland = landlock
lockpin = pinlock
lockup = uplock
loco = colo
lodi = dilo
logi = gilo
logo = golo
loka = kalo
loki = kilo
lola = lalo
loli = lilo
lollypop = poplolly
loma = malo
longeve = evelong
longhead = headlong
lonny = nylon
lood = odlo
lookout = outlook
lookup = uplook
loos = oslo
lorado = dolora
lorca = calor
lorna = nalor
loro = rolo
losang = anglos
losel = sello
lotis = islot
lovelady = ladylove
loveman = manlove
love = velo
loyal = alloy
luau = aulu
luba = balu
lubberland = landlubber
ludie = dielu
luing = inglu
luis = islu
lula = lalu
lundberg = berglund
lungki = kilung
lupe = pelu
lush = shlu
luting = inglut
lyart = artly
lyda = daly
lyken = kenly
lyle = lely
lyles = lesly
lyman = manly
lynbrook = brooklyn
lyncher = cherlyn
lyndora = doralyn
lynea = nealy
lynett = nettly
lynwood = woodlyn
lyon = only
lyre = rely
lysing = singly
lysol = solly
maag = agma
maam = amma
maana = anama
maar = arma
maat = atma
mabe = bema
mabi = bima
macau = cauma
macha = chama
mache = chema
machias = chiasma
maco = coma
macs = csma
macy = cyma
mada = dama
madder = dermad
made = dema
madel = delma
mael = elma
maes = esma
maga = gama
magpie = piemag
maha = hama
mahal = almah
mahal = halma
maher = herma
mahi = hima
mahra = ramah
mahto = tomah
mahu = huma
mair = irma
maja = jama
makale = kalema
mala = lama
malda = damal
male = lema
maleo = leoma
mali = lima
malka = kamal
malo = loma
malony = onymal
malta = tamal
malter = termal
manager = germana
manal = alman
mana = nama
manat = atman
manbird = birdman
manda = daman
mandar = armand
mandrill = drillman
maned = edman
maneh = ehman
mane = nema
manfish = fishman
mangel = gelman
manger = german
mangold = goldman
mango = ngoma
mangrass = grassman
mangrate = grateman
mangrove = groveman
mangrum = grumman
manhead = headman
manhole = holeman
manhood = hoodman
manhunts = huntsman
maniere = remanie
manisa = samani
manis = isman
manjack = jackman
manlove = loveman
manly = lyman
manna = naman
mannet = netman
manno = noman
mano = noma
manor = norma
manor = orman
manos = osman
manpack = packman
manred = redman
manrope = ropeman
manship = shipman
manslaughter = slaughterman
mantas = tasman
manter = terman
mantis = tisman
manto = toman
mantram = tramman
manul = ulman
manu = numa
manwards = wardsman
manward = wardman
manway = wayman
manwell = wellman
manwise = wiseman
maraca = camara
marage = gemara
marah = ahmar
marana = namara
mara = rama
marche = chemar
marcy = cymar
marena = namare
mare = rema
margo = gomar
marieann = annmarie
mari = rima
marita = tamari
markland = landmark
marla = lamar
maro = roma
marsi = simar
marta = tamar
martha = thamar
marti = timar
maryrose = rosemary
masa = sama
masham = shamma
masha = shama
masher = hermas
mashe = shema
massa = samas
massig = sigmas
mastership = shipmaster
masterwork = workmaster
mataco = tacoma
matai = taima
matara = tarama
mata = tama
materi = rimate
mater = terma
mateship = shipmate
mate = tema
mathe = thema
matka = kamat
matra = trama
matt = ttma
maun = unma
maya = yama
maza = zama
mazel = zelma
mazer = zerma
mdes = esmd
meal = alme
meas = asme
meco = come
meda = dame
mede = deme
meed = edme
meer = erme
meese = semee
meethelp = helpmeet
megrim = grimme
meir = irme
mela = lame
mele = leme
melena = enamel
meli = lime
mella = lamel
memo = mome
mems = msme
menad = admen
mena = name
mennon = nonmen
menno = nomen
meno = nome
mensa = samen
mense = semen
mentally = tallymen
mentone = onement
mentor = tormen
mera = rame
mercal = calmer
merel = elmer
mere = reme
mereta = retame
meri = rime
merla = lamer
merna = namer
merola = lamero
mero = rome
merri = rimer
merta = tamer
mesal = almes
mesa = same
mese = seme
meso = some
messe = semes
mess = ssme
mester = termes
meta = tame
metis = ismet
metra = ramet
metra = trame
metre = remet
mica = cami
micco = comic
miche = hemic
michol = holmic
micro = romic
middes = desmid
mide = demi
mika = kami
mike = kemi
miko = komi
milaca = camila
milha = hamil
millar = armill
minar = armin
mindi = dimin
miner = ermin
mingle = leming
minoa = noami
mino = nomi
minor = normi
minos = osmin
minter = termin
minto = tomin
minum = nummi
minyas = yasmin
mira = rami
mire = remi
miru = rumi
mirza = zamir
misere = remise
mise = semi
missal = salmis
mita = tami
miter = ermit
mither = hermit
miti = timi
mitre = remit
mixup = upmix
moat = atmo
moco = como
mode = demo
moha = hamo
moho = homo
moir = irmo
moit = itmo
mojo = jomo
molder = dermol
moli = limo
mome = memo
monades = desmona
monal = almon
monda = damon
monde = demon
mondes = desmon
mondes = esmond
mondos = osmond
mone = nemo
moneral = almoner
monger = germon
monjo = jomon
monoski = kimonos
montes = esmont
monti = timon
montrose = rosemont
monty = tymon
moos = osmo
mora = ramo
morar = armor
morena = enamor
moreover = overmore
moro = romo
mosera = ramose
moser = sermo
mosra = ramos
moter = termo
motherhouse = housemother
moul = ulmo
mouthpipe = pipemouth
mowha = whamo
mowhay = haymow
moyer = yermo
mpdu = dump
msba = bams
msfor = forms
msha = hams
mshe = hems
msme = mems
mssc = scms
mster = terms
mundal = almund
musca = camus
musha = hamus
muslem = lemmus
myel = elmy
nabe = bena
nabs = bsna
nabu = buna
naca = cana
nache = chena
naches = chesna
nachus = usnach
nacre = crena
nada = dana
nadean = deanna
nader = derna
nadia = diana
nady = dyna
nael = elna
nage = gena
nagoya = goyana
naha = hana
nain = inna
naio = iona
naja = jana
naji = jina
nako = kona
nale = lena
nalor = lorna
nama = mana
naman = annam
naman = manna
namara = marana
namare = marena
name = mena
namer = merna
nandi = dinan
nane = nena
nani = nina
nanji = jinan
nanon = nonna
naor = orna
napa = pana
nape = pena
napu = puna
naraka = kanara
nara = rana
nare = rena
narica = canari
nari = rina
nasa = sana
nascan = cannas
nasda = danas
nashe = shena
nasho = shona
nasia = siana
nasi = sina
nassau = saunas
nassi = sinas
nasus = usnas
nata = tana
nate = tena
natie = tiena
natka = kanat
natron = tronna
natr = trna
natu = tuna
naur = urna
navada = danava
navar = varna
nave = vena
navi = vina
naysay = saynay
nazi = zina
ndola = oland
neala = alane
neale = alene
nealy = lynea
near = arne
nearly = arlyne
neau = aune
nebe = bene
nebo = bone
necro = crone
neda = dane
nedder = derned
nedi = dine
neela = elane
neele = elene
neele = lenee
neel = elne
neer = erne
neile = ilene
nein = inne
nela = lane
nelia = liane
nellda = danell
nema = mane
nemo = mone
nena = nane
nepa = pane
nere = rene
neri = rine
neron = ronne
nero = rone
nesac = acnes
nese = sene
neslia = lianes
nessa = sanes
nessi = sines
nesta = stane
nester = ernest
nester = sterne
nester = ternes
nesto = tones
nesty = tynes
neter = terne
neti = tine
netman = mannet
neto = tone
nette = tenet
nettly = lynett
neva = vane
never = verne
nevis = visne
nevi = vine
newar = warne
ngala = alang
ngapi = aping
ngoko = kongo
ngoma = mango
niagra = grania
nias = asni
niata = tania
niccolo = colonic
nicki = kinic
nico = coni
nicolo = coloni
nida = dani
nide = deni
nigre = renig
nila = lani
nina = nani
nino = noni
nipa = pani
nira = rani
nisan = annis
nisen = ennis
niso = soni
nita = tani
niter = terni
nitin = tinni
nito = toni
niyama = yamani
noami = amino
noami = minoa
nobe = beno
nodi = dino
nole = leno
noli = lino
noma = mano
noman = manno
nome = meno
nomen = menno
nomi = mino
nonfan = fannon
noni = nino
nonmen = mennon
nonna = nanon
norco = conor
nordo = donor
nore = reno
norma = manor
normi = minor
norse = senor
noster = sterno
notan = annot
nota = tano
notehead = headnote
note = teno
noti = tino
nova = vano
novi = vino
nozi = zino
ntis = isnt
nuda = danu
numa = manu
nummi = minum
nutgall = gallnut
nutgrass = grassnut
nylon = lonny
oast = stoa
ocas = asoc
odal = alod
odeen = enode
odel = elod
odic = icod
odlo = lood
offbreak = breakoff
offcast = castoff
offcut = cutoff
offhand = handoff
offlet = letoff
offpay = payoff
offset = setoff
offtake = takeoff
okas = asok
oketo = tooke
okro = rook
oland = ndola
olathe = theola
olean = anole
oleg = egol
oleins = insole
olen = enol
olga = gaol
olid = idol
omor = orom
omro = room
onager = gerona
onal = alon
onan = anon
onca = caon
onder = deron
ondo = doon
oneal = alone
oneil = ilone
onement = mentone
onethe = theone
onfall = fallon
onlap = lapon
onless = lesson
only = lyon
onset = seton
ontal = talon
ontic = ticon
onto = toon
onymal = malony
oosh = shoo
opal = alop
opals = alsop
opes = esop
opis = isop
opsm = smop
opuses = esopus
orach = achor
orach = chora
orad = ador
oradell = dellora
orale = leora
oram = amor
orang = angor
oras = asor
orch = chor
ordo = door
oread = adore
oreg = egor
orest = store
orgy = gyor
orig = igor
orland = landor
orlean = leanor
orle = leor
orman = manor
orna = naor
orom = omor
orrum = rumor
orten = tenor
orth = thor
oscan = canos
osco = coos
osher = heros
osler = leros
oslo = loos
osman = manos
osmin = minos
osmo = moos
osmond = mondos
oswald = waldos
oswin = winos
otbs = bsot
otho = hoot
ottar = tarot
otto = toot
ouch = chou
outback = backout
outbake = bakeout
outblow = blowout
outbreak = breakout
outburn = burnout
outbuy = buyout
outcarry = carryout
outcook = cookout
outcut = cutout
outdraw = drawout
outdrop = dropout
outfall = fallout
outfit = fitout
outflame = flameout
outfold = foldout
outground = groundout
outhold = holdout
outkick = kickout
outlay = layout
outlead = leadout
outlook = lookout
outpass = passout
outpay = payout
outpick = pickout
outpitch = pitchout
outpull = pullout
outpush = pushout
output = putout
outread = readout
outroll = rollout
outrun = runout
outsell = sellout
outset = setout
outshake = shakeout
outshoot = shootout
outshut = shutout
outslip = slipout
outspin = spinout
outsprint = printouts
outstand = standout
outstrike = strikeout
outtake = takeout
outthrough = throughout
outthrow = throwout
outturn = turnout
outwalk = walkout
outwash = washout
outwatch = watchout
outwith = without
outwork = workout
outworn = wornout
overall = allover
overboil = boilover
overbreak = breakover
overburn = burnover
overcarry = carryover
overcross = crossover
overcut = cutover
overdo = doover
overfly = flyover
overhang = hangover
overhold = holdover
overlay = layover
overmore = moreover
overpass = passover
overpick = pickover
overroll = rollover
overrun = runover
overset = setover
overslip = slipover
overspill = spillover
overspread = spreadover
overstay = stayover
overstrike = strikeover
overswing = wingovers
overtake = takeover
overthwart = thwartover
overturn = turnover
overwalk = walkover
overwend = wendover
overwing = wingover
owen = enow
ownership = shipowner
owser = serow
owse = seow
oxes = esox
paar = arpa
paas = aspa
paca = capa
pacas = aspac
pace = cepa
pacha = chapa
packman = manpack
paco = copa
paddlecock = cockpaddle
padfoot = footpad
padre = repad
paga = gapa
pageship = shippage
palco = copal
pale = lepa
pali = lipa
palpi = pipal
pana = napa
pane = nepa
panfry = frypan
pani = nipa
panshard = hardpans
pantry = trypan
parhe = hepar
pari = ripa
parkas = kaspar
paros = rospa
parsec = secpar
partim = impart
pascia = ciapas
pasco = scopa
passband = bandpass
passerby = bypasser
passeres = respasse
passout = outpass
passover = overpass
pasta = tapas
paste = tepas
pasto = topas
pata = tapa
pate = tepa
paver = verpa
paya = yapa
payoff = offpay
payout = outpay
peachick = chickpea
peckerwood = woodpecker
pedal = dalpe
pedro = roped
pedum = umped
pega = gape
peho = hope
pella = lapel
pelu = lupe
penal = alpen
pena = nape
penship = shippen
penta = tapen
pepi = pipe
pepo = pope
pera = rape
perca = caper
perdu = duper
perham = hamper
peri = ripe
perishes = hesperis
perle = leper
perlis = lisper
pernas = aspern
pero = rope
perri = riper
persas = aspers
perty = typer
peseta = etapes
peso = sope
pestana = anapest
pesto = topes
peta = tape
pete = tepe
pether = herpet
peti = tipe
peto = tope
petri = tripe
petro = trope
petta = tapet
pewy = wype
pharo = aroph
photoradio = radiophoto
pianoforte = fortepiano
picas = aspic
pickout = outpick
pickover = overpick
picktooth = toothpick
picra = rapic
picris = crispi
piecework = workpiece
piemag = magpie
pierro = ropier
pike = kepi
pileup = uppile
pinales = espinal
pinchbelly = bellypinch
pineal = alpine
pinhead = headpin
pinking = kingpin
pinlock = lockpin
pintails = tailspin
pintail = tailpin
pinter = terpin
pinups = upspin
pinwheels = wheelspin
pipal = palpi
pipemouth = mouthpipe
pipe = pepi
pisco = copis
pitchout = outpitch
piti = tipi
pitsaw = sawpit
pitta = tapit
plap = appl
playdown = downplay
playfair = fairplay
plicate = teplica
plowgang = gangplow
poca = capo
ponca = capon
pondfish = fishpond
pope = pepo
popjoy = joypop
poplolly = lollypop
pore = repo
portas = asport
porte = tepor
portor = torpor
posca = capos
postsign = signpost
postwoman = womanpost
printouts = outsprint
prisca = capris
prisere = reprise
prore = repro
pruss = sspru
psap = apps
psha = haps
ptous = uspto
pullout = outpull
pullup = uppull
puna = napu
pushout = outpush
pushup = uppush
putout = output
pyas = aspy
pyes = espy
pyro = ropy
quata = taqua
queeve = eveque
questor = torques
quilate = tequila
quinse = sequin
quintar = tarquin
raab = abra
raaf = afra
raama = amara
rabassa = bassara
race = cera
raceland = landrace
rache = chera
racy = cyra
rada = dara
radar = darra
radiophoto = photoradio
radu = dura
rafa = fara
rafe = fera
rafting = ingraft
raga = gara
rage = gera
rago = gora
ragshag = shagrag
ragtag = tagrag
rahu = hura
railhead = headrail
raining = ingrain
raiser = serrai
raise = serai
raison = sonrai
raja = jara
raki = kira
raku = kura
ramah = mahra
rama = mara
rambert = bertram
rame = mera
ramet = metra
rami = mira
ramo = mora
ramose = mosera
ramos = mosra
ramsch = schram
rana = nara
ranchi = chiran
rander = errand
rani = nira
ranter = errant
ranter = terran
rape = pera
rapic = picra
rasa = sara
raser = serra
rase = sera
rases = sesra
rashi = shira
raster = terras
rata = tara
rated = tedra
rater = terra
rate = tera
rathe = herat
rathe = thera
rato = tora
rave = vera
ravi = vira
rawer = werra
readout = outread
reak = akre
reast = astre
reata = tarea
reaute = autere
reba = bare
rebag = bagre
rebar = barre
rebe = bere
recd = cdre
recent = centre
recent = entrec
recha = chare
rechar = charre
recomb = combre
redart = dartre
redbrick = brickred
rede = dere
redelay = delayre
redman = manred
redo = dore
redrive = rivered
redstar = starred
redub = dubre
redwithe = withered
reecho = choree
reefer = ferree
reelect = electre
reenter = terreen
reese = esere
reese = seree
reest = estre
reest = stree
reeveland = landreeve
referent = entrefer
regale = galere
regen = genre
rego = gore
reim = imre
reland = andrel
reland = landre
relast = lastre
relier = lierre
relit = litre
rely = lyre
rema = mare
remanie = maniere
reme = mere
remet = etrem
remet = metre
remi = mire
remise = misere
remit = mitre
renado = dorena
rena = nare
renate = terena
rene = nere
renest = estren
renig = nigre
reno = nore
repad = padre
repeg = egrep
repent = entrep
repo = pore
reprise = prisere
repro = prore
resaca = caresa
resa = sare
resay = ayres
resay = sayre
resend = endres
rese = sere
resinate = teresina
resing = ingres
respasse = passeres
respect = spectre
reste = stere
reste = teres
rest = stre
resty = tyres
retame = mereta
retar = arret
retar = tarre
reta = tare
retha = thare
rethe = there
retter = terret
reundergo = undergore
reva = vare
revent = ventre
rever = verre
reve = vere
riba = bari
ribe = beri
ribspare = sparerib
rica = cari
riced = edric
riche = cheri
richen = enrich
richer = cherri
richest = estrich
richest = striche
richia = chiari
rici = ciri
ricked = edrick
ricker = errick
rickwood = woodrick
rico = cori
rics = csri
rida = dari
ridder = derrid
rideau = auride
rider = derri
riding = ingrid
rids = dsri
rieger = gerrie
rieka = karie
rifer = ferri
rifest = estrif
rifest = strife
riga = gari
righten = enright
rightforth = forthright
rika = kari
riker = kerri
riki = kiri
rima = mari
rimate = materi
rime = meri
rimer = merri
riming = ingrim
rina = nari
rine = neri
ringer = erring
ringhead = headring
ringo = gorin
ringwood = woodring
rinka = karin
rinker = kerrin
rinse = serin
ripa = pari
ripe = peri
riper = perri
ripest = stripe
riptide = tiderip
ripup = uprip
risala = larisa
risa = sari
rise = seri
rishi = shiri
rita = tari
rite = teri
ritter = territ
riva = vari
rivered = redrive
rive = veri
rmas = asrm
robi = biro
robur = burro
roca = caro
rocked = edrock
rocklay = layrock
rockwood = woodrock
rocta = taroc
rode = dero
roes = esro
roget = etrog
roin = inro
roka = karo
roke = kero
roller = erroll
rollin = inroll
rollout = outroll
rollover = overroll
rolo = loro
roma = maro
rome = mero
romic = micro
romo = moro
ronda = daron
ronde = deron
rone = nero
ronga = garon
ronne = neron
rook = okro
room = omro
roomward = wardroom
rootworm = wormroot
roped = pedro
ropeman = manrope
rope = pero
ropier = pierro
ropy = pyro
rosehill = hillrose
roselite = literose
rosemary = maryrose
rosemont = montrose
rose = sero
roshi = shiro
rospa = paros
rossing = ingross
rossi = siros
rota = taro
roth = thro
roti = tiro
roto = toro
rotta = tarot
roughen = enrough
rouping = ingroup
route = utero
rowing = ingrow
rowth = throw
royal = alroy
rscs = csrs
rtse = sert
rubiator = torrubia
rubin = inrub
rudest = strude
rufe = feru
rumi = miru
rumor = orrum
runback = backrun
runout = outrun
runover = overrun
russo = sorus
rusty = tyrus
ruthe = herut
ruth = thru
ryder = derry
ryke = kery
ryland = landry
ryter = terry
saab = absa
saan = ansa
saar = arsa
sabal = balsa
sabe = besa
sabeca = casabe
sabs = bssa
sacbrood = broodsac
sacre = cresa
sacro = crosa
sades = dessa
sadi = disa
sado = dosa
sagan = gansa
sagene = genesa
sail = ilsa
saim = imsa
saka = kasa
sakha = khasa
salago = gosala
sala = lasa
salame = lamesa
salar = larsa
salas = lassa
salba = basal
sali = lisa
salmis = missal
salva = vasal
salver = versal
sama = masa
samani = manisa
samaras = assamar
samas = assam
samas = massa
sambal = balsam
same = mesa
samen = mensa
sana = nasa
sanes = nessa
sanga = gasan
sanglant = lantsang
sarada = dasara
saran = ansar
sara = rasa
sare = resa
sari = risa
sateen = ensate
sates = tessa
sati = tisa
saunas = nassau
saur = ursa
saval = valsa
sava = vasa
saver = versa
sawback = backsaw
sawbuck = bucksaw
sawpit = pitsaw
saynay = naysay
sayre = resay
sbus = ussb
scaleup = upscale
schram = ramsch
scms = mssc
scopa = pasco
screwdrive = drivescrew
screwup = upscrew
sculpin = insculp
sealy = alyse
seamen = enseam
sean = anse
seap = apse
sear = arse
seas = asse
seaver = averse
seba = base
sebat = batse
sebree = breese
sebs = bsse
secable = cablese
secco = cosec
seco = cose
secor = corse
secos = cosse
secpar = parsec
seda = dase
sedalia = aliased
seedbird = birdseed
seel = else
seely = elyse
seemer = emerse
seen = ense
seer = erse
sees = esse
segar = garse
segos = gosse
seka = kase
sekos = kosse
sela = lase
seldor = dorsel
sele = lese
sello = losel
sellout = outsell
semee = meese
seme = mese
semen = mense
sementera = erasement
semes = messe
semi = mise
senal = alsen
sendup = upsend
sene = nese
senor = norse
seow = owse
sequin = quinse
serai = raise
sera = rase
seree = reese
sere = rese
sergu = guser
serin = rinse
seri = rise
serles = lesser
sermo = moser
sero = rose
serow = owser
serrai = raiser
serra = raser
sert = rtse
server = verser
sesra = rases
sestos = tosses
setback = backset
setdown = downset
sethead = headset
setoff = offset
seton = onset
setout = outset
setover = overset
setup = upset
sever = verse
seve = vese
sewar = warse
sexes = essex
shaba = abash
shade = desha
shagrag = ragshag
shaka = kasha
shakeout = outshake
shako = kosha
shaku = kusha
shama = masha
shamba = ambash
shamba = basham
shamma = masham
shanan = anshan
sharaf = afshar
shari = arish
sharki = kishar
sharla = lashar
shear = earsh
sheetwork = worksheet
shema = mashe
shena = nashe
sher = ersh
shesha = hashes
shinar = arshin
shinto = intosh
shinza = zashin
shipboy = boyship
shipholder = holdership
shipkeeper = keepership
shipman = manship
shipmaster = mastership
shipmate = mateship
shipowner = ownership
shippage = pageship
shippen = penship
shipward = wardship
shipwork = workship
shipworm = wormship
shira = rashi
shiri = irish
shiri = rishi
shiro = roshi
shlu = lush
shona = nasho
shoo = oosh
shootout = outshoot
shopbook = bookshop
shopwork = workshop
shotgun = gunshot
shotstar = starshot
showa = washo
shutout = outshut
shwa = wash
siana = nasia
sian = ansi
sias = assi
sicani = anisic
sickbed = bedsick
sida = dasi
sideburn = burnside
side = desi
sidehill = hillside
sidelang = langside
siderin = insider
sidesway = waysides
sidetrack = trackside
sidewalk = walkside
sideway = wayside
sidur = ursid
siever = versie
sigmas = massig
signoras = assignor
signpost = postsign
silber = bersil
silverwood = woodsilver
simar = marsi
sina = nasi
sinas = nassi
sincere = ceresin
sines = nessi
singles = lessing
singly = lysing
sintoc = tocsin
siros = rossi
sist = stsi
sitar = tarsi
sita = tasi
sites = tessi
situla = tulasi
situp = upsit
siva = vasi
skey = eysk
skinhead = headskin
skyla = lasky
slate = tesla
slaughterman = manslaughter
slidefilm = filmslide
slim = imsl
slipcover = coverslip
slipout = outslip
slipover = overslip
slipup = upslip
smallen = ensmall
smop = opsm
sofa = faso
soko = koso
solein = insole
solly = lysol
some = meso
sonar = arson
songbird = birdsong
songer = gerson
soni = niso
sonja = jason
sonrai = raison
sope = peso
sorbin = insorb
sorefoot = footsore
soren = ensor
sorus = russo
spad = adsp
spahi = hispa
sparerib = ribspare
spave = vespa
spdm = dmsp
spearfish = fishspear
spectre = respect
speedup = upspeed
spillover = overspill
spin = insp
spinout = outspin
spreadover = overspread
springhead = headspring
squarehead = headsquare
srcn = cnsr
ssme = mess
sspru = pruss
ssto = toss
staal = aalst
stable = ablest
stace = cesta
staci = cista
stade = adest
stade = desta
stag = agst
stample = amplest
standout = outstand
standstill = stillstand
standup = upstand
stane = nesta
stang = angst
star = arst
stare = arest
starn = arnst
starred = redstar
starshot = shotstar
startup = upstart
state = testa
staver = versta
stave = vesta
staw = awst
stayover = overstay
steelen = ensteel
steepen = ensteep
steinberg = bergstein
steinbock = bockstein
steinwein = weinstein
stele = leste
stepup = upstep
stere = reste
ster = erst
sterling = lingster
sterne = ernest
sterne = nester
stern = ernst
sterno = noster
sterve = vester
stge = gest
stickup = upstick
stillstand = standstill
stinge = ingest
stoa = oast
stockwood = woodstock
stonebird = birdstone
stonebreak = breakstone
stonecat = catstone
stonegall = gallstone
stonehand = handstone
stonehead = headstone
stonewood = woodstone
stopback = backstop
stopband = bandstop
storeen = enstore
store = orest
storge = gestor
stormwind = windstorm
straightup = upstraight
streamhead = headstream
streeking = kingstree
stree = reest
stre = rest
striche = richest
strife = rifest
strikeout = outstrike
strikeover = overstrike
stripe = ripest
stripfilm = filmstrip
stromberg = bergstrom
stronghead = headstrong
strude = rudest
stsci = cists
stsi = sist
stye = yest
styli = listy
sumak = aksum
sunup = upsun
suras = assur
suva = vasu
swam = amsw
sweepup = upsweep
sweptback = backswept
swingback = backswing
sychee = cheesy
sycock = cocksy
sycon = consy
sylis = lissy
taal = alta
taar = arta
tabaret = baretta
taber = berta
tabes = estab
tabet = betta
tabinet = binetta
tabret = bretta
tabut = butta
tace = ceta
tachi = chita
tacoma = mataco
tacos = costa
tactic = tictac
tacye = yetac
tada = data
tades = desta
tagala = galata
tager = gerta
tagrag = ragtag
tagus = gusta
tailbone = bonetail
tailcoat = coattail
tailfan = fantail
tailpin = pintail
tailspin = pintails
taima = matai
tain = inta
tajo = jota
taka = kata
takedown = downtake
take = keta
taken = kenta
takeoff = offtake
takeo = keota
takeout = outtake
takeover = overtake
takeup = uptake
takin = kinta
tala = lata
talar = artal
tale = leta
tali = lita
talles = estall
tallies = liestal
tallymen = mentally
talon = ontal
tamal = malta
tama = mata
tamari = marita
tamar = marta
tame = meta
tamer = merta
tami = mita
tanaka = katana
tana = nata
tania = niata
tani = nita
tano = nota
tanti = titan
tapa = pata
tapas = pasta
tapen = penta
tape = peta
tapet = petta
tapit = pitta
taqua = quata
tarama = matara
taran = antar
tara = rata
tarbes = bestar
tarde = detar
tarea = reata
tare = reta
tari = rita
tarish = ishtar
taroc = rocta
taro = rota
tarot = ottar
tarot = rotta
tarquin = quintar
tarre = retar
tarsal = altars
tarsi = sitar
tartle = letart
tasi = sita
tasman = mantas
tates = testa
tati = tita
taun = unta
tauri = urita
taut = utta
tavers = versta
tave = veta
tavie = vieta
tavis = vista
tavi = vita
tavola = volata
tchai = aitch
tchwi = witch
teache = achete
teage = agete
teaman = amante
tean = ante
tear = arte
teat = atte
tebet = bette
tebu = bute
teca = cate
tecali = calite
teco = cote
tecoma = comate
tecon = conte
tecu = cute
teda = date
tedda = dated
teddie = dieted
tedi = dite
tedra = rated
teena = enate
tees = este
tega = gate
tehama = hamate
teho = hote
teju = jute
tela = late
telar = artel
tele = lete
teles = estel
teles = leste
teli = lite
tellin = lintel
tema = mate
tena = nate
tenes = esten
tenet = nette
tenla = laten
teno = note
tenor = orten
tentor = torten
tepa = pate
tepas = paste
tepe = pete
teplica = plicate
tepor = porte
tequila = quilate
terap = apter
tera = rate
teras = aster
terena = renate
teres = ester
teresina = resinate
teres = reste
terga = gater
teri = rite
termal = malter
terma = mater
terman = manter
termes = mester
termin = minter
termo = moter
terms = mster
ternal = altern
terne = neter
ternes = nester
terni = niter
ternlet = lettern
terpin = pinter
terran = ranter
terra = rater
terras = raster
terrebonne = bonneterre
terreen = reenter
terret = retter
territ = ritter
terry = ryter
terti = titer
tesla = slate
tessa = sates
tessi = sites
testa = state
testa = tates
testor = tortes
tetu = tute
tewit = witte
thai = aith
thamar = martha
thane = aneth
thare = retha
thea = eath
thebe = bethe
theca = cathe
thema = mathe
theola = olathe
theone = onethe
thera = erath
thera = rathe
there = rethe
thill = illth
thingal = althing
this = isth
tholi = litho
thor = orth
thro = roth
throughout = outthrough
throwdown = downthrow
throwout = outthrow
throw = rowth
thru = ruth
thwartover = overthwart
tiara = arati
tiber = berti
tibet = betti
tica = cati
tice = ceti
ticon = conti
ticon = ontic
tictac = tactic
ticul = culti
tide = deti
tiderip = riptide
tiedog = dogtie
tiena = natie
tiga = gati
tiger = gerti
tila = lati
tilda = datil
tilden = dentil
tillable = bletilla
tiltup = uptilt
timar = marti
timework = worktime
timi = miti
timon = monti
tine = neti
tinkers = kerstin
tinni = nitin
tino = noti
tipe = peti
tipi = piti
tiro = roti
tisa = sati
tisbe = betis
tisman = mantis
titan = tanti
tita = tati
titer = terti
tiza = zati
tnds = dstn
toast = astto
tobi = bito
tobit = bitto
toco = coto
tocsin = sintoc
toda = dato
togo = goto
toiles = estoil
toke = keto
toko = koto
tolar = larto
tole = leto
tomah = mahto
toman = manto
tomin = minto
tonal = alton
tonbridge = bridgeton
tone = neto
tones = nesto
tongan = ganton
tongas = gaston
tonger = gerton
tonguy = guyton
toni = nito
tooke = oketo
toolkit = kittool
toon = onto
toothpick = picktooth
toot = otto
topas = pasto
tope = peto
topes = estop
topes = pesto
tora = rato
toras = astor
tormen = mentor
toro = roto
torpor = portor
torques = questor
torrubia = rubiator
torten = tentor
tortes = testor
tosses = sestos
toss = ssto
tossup = uptoss
tots = tsto
toty = tyto
toul = ulto
tove = veto
towbar = bartow
townhome = hometown
townward = wardtown
toyama = yamato
traceback = backtrace
traci = citra
trackside = sidetrack
trader = dertra
train = intra
trama = matra
trame = metra
tramman = mantram
trias = astri
trinely = elytrin
trines = estrin
trin = intr
trinket = kettrin
tripe = petri
trna = natr
tronas = astron
trones = estron
tronna = natron
trope = petro
truistical = altruistic
trusten = entrust
trypan = pantry
tsadi = adits
tsai = aits
tsan = ants
tsap = apts
tsar = arts
tshi = hits
tsto = tots
ttma = matt
tuan = antu
tuke = ketu
tulasi = situla
tunal = altun
tuna = natu
tunga = gatun
tungan = antung
tunka = katun
tuple = letup
turndown = downturn
turnout = outturn
turnover = overturn
turnup = upturn
tute = tetu
tydie = diety
tymon = monty
tynes = nesty
typer = perty
tyres = resty
tyrus = rusty
tyto = toty
ulex = exul
ulman = manul
ulmo = moul
ulto = toul
umload = loadum
umped = pedum
uncolt = coltun
underfo = founder
undergore = reundergo
undoer = doerun
undy = dyun
ungag = agung
unma = maun
unode = deuno
unta = taun
unyoung = youngun
upblow = blowup
upbreak = breakup
upbuild = buildup
upburn = burnup
upcatch = catchup
upclose = closeup
upcock = cockup
upcover = coverup
upcut = cutup
updo = doup
upfollow = followup
upget = getup
upgo = goup
upgrown = grownup
uphang = hangup
uphold = holdup
upis = isup
uplay = layup
upline = lineup
uplink = linkup
uplock = lockup
uplook = lookup
upmix = mixup
uppile = pileup
uppull = pullup
uppush = pushup
uprip = ripup
upscale = scaleup
upscrew = screwup
upsend = sendup
upset = setup
upsit = situp
upslip = slipup
upspeed = speedup
upspin = pinups
upstand = standup
upstart = startup
upstep = stepup
upstick = stickup
upstraight = straightup
upsun = sunup
upswarm = warmups
upsweep = sweepup
uptake = takeup
uptilt = tiltup
uptoss = tossup
upturn = turnup
upwa = waup
upwind = windup
upwork = workup
upwrap = wrapup
ural = alur
ureal = alure
urfa = faur
urga = gaur
urias = asuri
urita = tauri
urna = naur
ursa = saur
ursid = sidur
usac = acus
usan = anus
usca = caus
usfl = flus
usga = gaus
usis = isus
usnach = nachus
usnas = nasus
uspto = ptous
ussb = sbus
utch = chut
utero = route
uther = herut
utta = taut
vaal = alva
vade = deva
vagal = galva
vaja = java
vala = lava
vale = leva
vali = liva
vallar = larval
valsa = saval
vane = neva
vanist = istvan
vano = nova
vare = reva
varing = ingvar
vari = riva
varna = navar
vasal = salva
vasa = sava
vasi = siva
vasu = suva
veda = dave
vedi = dive
veejay = jayvee
vega = gave
vela = lave
velar = arvel
velar = larve
vellala = lavella
velo = love
venada = davena
vena = nave
venda = daven
ventin = invent
ventre = revent
vera = rave
verda = daver
verdea = deaver
verde = dever
verdel = delver
verden = denver
verdi = diver
verel = elver
vere = reve
vergi = giver
vergil = gilver
veri = rive
verla = laver
verlie = liever
verne = never
verpa = paver
verre = rever
versal = salver
versa = saver
verser = server
verse = sever
versie = siever
versta = staver
versta = tavers
vese = seve
vespa = spave
vesta = stave
vester = sterve
veta = tave
veto = tove
vice = cevi
vide = devi
vieta = tavie
vila = lavi
vile = levi
viler = ervil
vili = livi
villada = davilla
vinal = alvin
vina = navi
vinca = cavin
vineal = alvine
vine = nevi
viner = ervin
vino = novi
vira = ravi
visne = nevis
vista = tavis
vita = tavi
voar = arvo
vocal = calvo
volar = arvol
volata = tavola
vole = levo
waac = acwa
wabi = biwa
wagang = gangwa
waldos = oswald
waler = lerwa
walkout = outwalk
walkover = overwalk
walkside = sidewalk
wallache = chewalla
wallback = backwall
walled = edwall
wallhick = hickwall
wanle = lewan
warded = edward
warde = dewar
wardman = manward
wardroom = roomward
wardship = shipward
wardsman = manwards
wardtown = townward
warmhouse = housewarm
warmups = upswarm
warne = newar
warse = sewar
warthe = hewart
washdish = dishwash
washdown = downwash
washland = landwash
washo = showa
washout = outwash
wash = shwa
watchdog = dogwatch
watchout = outwatch
waterbrain = brainwater
waterflood = floodwater
waterfree = freewater
waterhead = headwater
waup = upwa
wayback = backway
waycross = crossway
waygang = gangway
waygate = gateway
wayland = landway
wayman = manway
wayside = sideway
waysides = sidesway
weatherbreak = breakweather
weedhook = hookweed
weinstein = steinwein
wellman = manwell
wenda = dawen
wendover = overwend
werra = rawer
wesco = cowes
wesla = lawes
wesle = lewes
whamo = mowha
wheelspin = pinwheels
whichever = everwhich
whoever = everwho
whyfor = forwhy
wide = dewi
wieche = chewie
wigher = herwig
winburne = burnewin
windber = berwind
windbreak = breakwind
windel = delwin
winder = derwin
windstorm = stormwind
windup = upwind
wined = edwin
winer = erwin
wingbacks = backswing
wingle = lewing
wingover = overwing
wingovers = overswing
winkel = kelwin
winker = kerwin
winos = oswin
wiselike = likewise
wiseman = manwise
wisewoman = womanwise
wissle = lewiss
witch = tchwi
withered = redwithe
within = inwith
without = outwith
wittal = alwitt
witte = tewit
womanpost = postwoman
womanwise = wisewoman
wonder = derwon
woodbind = bindwood
woodblock = blockwood
woodbox = boxwood
woodburn = burnwood
woodbush = bushwood
woodchat = chatwood
wooden = enwood
woodfish = fishwood
woodhack = hackwood
woodhorse = horsewood
woodlake = lakewood
woodleaf = leafwood
woodlyn = lynwood
woodpecker = peckerwood
woodrick = rickwood
woodring = ringwood
woodrock = rockwood
woodsilver = silverwood
woodstock = stockwood
woodstone = stonewood
woodworm = wormwood
woodwright = wrightwood
workbag = bagwork
workbasket = basketwork
workbench = benchwork
workbook = bookwork
workbox = boxwork
workday = daywork
workhand = handwork
workhouse = housework
workmaster = masterwork
workout = outwork
workpiece = piecework
worksheet = sheetwork
workship = shipwork
workshop = shopwork
worktime = timework
workup = upwork
workyard = yardwork
wormfish = fishworm
wormroot = rootworm
wormship = shipworm
wormwood = woodworm
wornout = outworn
wrapup = upwrap
wreathen = enwreath
wrightwood = woodwright
wyco = cowy
wyde = dewy
wype = pewy
xoana = anaxo
yaba = baya
yahan = anyah
yahan = hanya
yaka = kaya
yakan = kanya
yakka = kayak
yama = maya
yamani = niyama
yamato = toyama
yapa = paya
yardland = landyard
yardwork = workyard
yasmin = minyas
yerba = bayer
yerga = gayer
yermo = moyer
yest = stye
yetac = tacye
ymha = haym
youngun = unyoung
zabra = braza
zama = maza
zamir = mirza
zarla = lazar
zashin = shinza
zati = tiza
zelma = mazel
zendo = dozen
zerma = mazer
zina = nazi
zino = nozi
zobo = bozo
